"location","text","type","url","enddate","startdate","title","lat","lon"
"Brussels, Belgium","With Damien Van Achter","Training",,"2013-06-28T00:00:00.000Z","2013-06-27T00:00:00.000Z","Datajournalism at RTBF",50.8465573,4.351697
"Bern, Switzerland","With Mirko Lorenz","Training",,"2013-06-25T00:00:00.000Z","2013-06-24T00:00:00.000Z","Datajournalism at Tamedia",46.9482713,7.4514512
"Lilongwe, Malawi",,"Training","http://malawi.databootcamp.org/","2013-06-14T00:00:00.000Z","2013-06-11T00:00:00.000Z","dataBootcamp Malawi",-13.973456,33.7878122
"Brussels, Belgium",,"Training",,"2013-06-07T00:00:00.000Z","2013-06-05T00:00:00.000Z","Datajournalism at AJPro",50.8465573,4.351697
"Zurich, Switzerland",,"Training",,"2013-05-28T00:00:00.000Z","2013-05-27T00:00:00.000Z","Datajournalism at Tamedia",47.3723957,8.5423216
"Ouagadougou, Burkina Faso","I advised to the World Bank and gave a presentation as to how open data could make a difference in Burkina Faso.","Conference",,"2013-05-24T00:00:00.000Z","2013-05-23T00:00:00.000Z","Open data initiative Burkina Faso",12.368148,-1.527085
"Nantes, France",,"Conference","http://www.web2day-nantes.org/speakers/nicolas-kayserbril.html","2013-05-17T00:00:00.000Z","2013-05-16T00:00:00.000Z","Web2day",47.2186371,-1.5541362
"Graz, Austria",,"Training",,"2013-04-24T00:00:00.000Z","2013-04-23T00:00:00.000Z","Datajournalism at Styria",47.0702563,15.4385716
"Graz, Austria",,"Conference","http://nkb.fr/ddj-intro/","2013-04-25T00:00:00.000Z","2013-04-25T00:00:00.000Z","Intro to datajournalism at FH Joanneum",47.0702563,15.4385716
"Sidi Abdellah, Algeria",,"Conference",,"2013-04-17T00:00:00.000Z","2013-04-17T00:00:00.000Z","Open data at Algeria2.0",36.6719007,2.890417
"Belgrade, Serbia","With Pierre Romera","Training",,"2013-04-12T00:00:00.000Z","2013-04-08T00:00:00.000Z","Datajournalism with UNDP",44.8178131,20.4568974
"Metz, France",,"Training",,"2013-03-28T00:00:00.000Z","2013-03-28T00:00:00.000Z","Intro to datavisualization",49.1196964,6.1763552
"Lille, France",,"Training",,"2013-03-19T00:00:00.000Z","2013-03-18T00:00:00.000Z","Datajournalism at ESJ Lille",50.6305089,3.0706414
"Madrid, Spain",,"Conference",,"2013-03-11T00:00:00.000Z","2013-03-11T00:00:00.000Z","Introduction to Datawrapper at Medialab Prado",40.4167047,-3.7035825
"Madrid, Spain","This 90-minute class was given to 2 different classes run by the amazing Mar Cabra.","Training",,"2013-03-13T00:00:00.000Z","2013-03-12T00:00:00.000Z","How to run a datajournalism business",40.4167047,-3.7035825
"Berlin, Germany","Answer: Very reliable","Interview","http://levinvinteur.com/nicolas-kayser-bril-dans-ton-tchat/","2013-02-04T00:00:00.000Z","2013-02-04T00:00:00.000Z","How reliable is Wikipedia? on Vinvinteur (France5)",52.5170365,13.3888599
"Paris, France","With Tommaso Venturini","Training",,"2013-01-25T00:00:00.000Z","2013-01-21T00:00:00.000Z","Datajournalism at Ecole de Journalisme de Sciences-Po",48.85881005,2.3200310116
"Paris, France","Organized by WAN-IFRA","Conference",,"2013-01-18T00:00:00.000Z","2013-01-18T00:00:00.000Z","Datajournalism at Le Figaro",48.85881005,2.3200310116
"Paris, France","Organized by WAN-IFRA","Conference",,"2012-12-03T00:00:00.000Z","2012-12-03T00:00:00.000Z","Datajournalism at Le Figaro",48.85881005,2.3200310116
"Berlin, Germany","At the 3d Data Science Day","Conference","http://datascienceday.wordpress.com/2012/12/14/3-dsday-on-data-in-journalism-slides-more/","2012-12-07T00:00:00.000Z","2012-12-07T00:00:00.000Z","Teaching data literacy",52.5170365,13.3888599
"London, United Kingdom",,"Conference","http://www.newsrewired.com/2012/12/06/nicolas-kayser-bril-simple-tips-for-data-driven-journalism/","2012-12-06T00:00:00.000Z","2012-12-06T00:00:00.000Z","News:Rewired",51.5073219,-0.1276474
"Berlin, Germany",,"Article","http://datadrivenjournalism.net/news_and_analysis/How_to_Make_Money_with_Data_Journalism_in_the_US_and_Europe","2013-05-20T00:00:00.000Z","2013-05-20T00:00:00.000Z","Making money with datajournalism",52.5170365,13.3888599
"Berlin, Germany","On the Huffington Post France","Article","http://www.huffingtonpost.fr/nicolas-kayserbril/cyberparc-corruption-algerie_b_3199235.html?just_reloaded=1","2013-05-03T00:00:00.000Z","2013-05-03T00:00:00.000Z","Algérie: Bienvenue au Cyberparc-Potemkine",52.5170365,13.3888599
"Vilnius, Lithuania",,"Training",,"2012-11-24T00:00:00.000Z","2012-11-24T00:00:00.000Z","Data literacy for Transparency International",54.6870458,25.2829111
"Dakar, Senegal","Organized by Index On Censorship","Training",,"2012-11-14T00:00:00.000Z","2012-11-12T00:00:00.000Z","Datajournalism",14.693425,-17.447938
"Valenciennes, France",,"Conference",,"2012-10-23T00:00:00.000Z","2012-10-23T00:00:00.000Z","Datajournalism at Labo Des Images",50.3594889,3.5266657
"Rennes, France",,"Conference",,"2012-10-22T00:00:00.000Z","2012-10-22T00:00:00.000Z","Crowdsourcing at La Cantine",48.1113387,-1.6800198
"Paris, France",,"Training",,"2012-10-21T00:00:00.000Z","2012-10-20T00:00:00.000Z","Mentor at SNCF Hackathon",48.85881005,2.3200310116
"Brussels, Belgium",,"Conference",,"2012-10-04T00:00:00.000Z","2012-10-04T00:00:00.000Z","Hands-on intro to datajournalism at Neojournalism",50.8465573,4.351697
"London, United Kingdom",,"Conference",,"2012-10-02T00:00:00.000Z","2012-10-01T00:00:00.000Z","Strata",51.5073219,-0.1276474
"Berlin, Germany",,"Conference",,"2012-09-24T00:00:00.000Z","2012-09-24T00:00:00.000Z","Social Media Week: Presentation of Feowl",52.5170365,13.3888599
"Sarajevo, Bosnia-Herzegovina",,"Training",,"2012-09-12T00:00:00.000Z","2012-09-05T00:00:00.000Z","Datajournalism",43.8519774,18.3866868
"Strasbourg, France",,"Conference",,"2012-09-04T00:00:00.000Z","2012-09-04T00:00:00.000Z","Intro to Datajournalism at ARTE",48.584614,7.7507127
"Douala, Cameroon","With Pierre Romera and others","Project","http://feowl.com","2012-07-19T00:00:00.000Z","2012-07-09T00:00:00.000Z","Feowl",4.0537386,9.6644365792
"Paris, France","With Marion Kotlarski and Clara Kayser-Bril","Project","http://100yearsofworldcuisine.com/","2011-05-16T00:00:00.000Z","2011-05-16T00:00:00.000Z","100 Years of World Cuisine",48.85881005,2.3200310116
"Vienna, Austria",,"Interview","http://derstandard.at/1339638304793/Keine-eierlegende-Wollmilchsau-Vom-Datenjournalismus-und-der-Profitabilitaet","2012-06-19T00:00:00.000Z","2012-06-19T00:00:00.000Z","Der Standard",48.2083537,16.3725042
"Paris, France","With Pierre Romera","Project","http://www.youtube.com/watch?v=iiP5U1Urszs","2011-03-07T00:00:00.000Z","2011-03-07T00:00:00.000Z","Influence Networks",48.85881005,2.3200310116
"Washington, D.C., United States",,"Conference",,"2011-05-02T00:00:00.000Z","2011-05-02T00:00:00.000Z","World Press Freedom Day",,
"Perugia, Italy",,"Conference",,"2012-04-27T00:00:00.000Z","2012-04-27T00:00:00.000Z","Journalism Festival",43.1119613,12.3890104
"Douala, Cameroon","Interview about Feowl.","Interview","http://www.rfi.fr/afrique/20120712-cameroun-feowl-internet-datajournalisme-crowdsourcing-electricite","2012-07-12T00:00:00.000Z","2012-07-12T00:00:00.000Z","Radio France Internationale",4.0537386,9.6644365792
"Berlin, Germany",,"Conference",,"2011-04-13T00:00:00.000Z","2011-04-13T00:00:00.000Z","Datajournalism at Re:Publica XI",52.5170365,13.3888599
"Tunis, Tunisia",,"Conference",,"2011-03-17T00:00:00.000Z","2011-03-17T00:00:00.000Z","TEDx Carthage",33.8439408,9.400138
"Amsterdam, Netherlands",,"Conference",,"2010-08-24T00:00:00.000Z","2010-08-24T00:00:00.000Z","Data-driven journalism roundtable",52.3745403,4.8979755056
"Berlin, Germany","In VOCER","Article","http://www.vocer.org/de/artikel/do/detail/id/185/journalismus-hat-die-medien-ueberlebt.-gewoehnt-euch-daran..html","2012-05-21T00:00:00.000Z","2012-05-21T00:00:00.000Z","Journalismus hat die Medien überlebt. Gewöhnt euch daran.",52.5170365,13.3888599
"Marseilles, France",,"Conference",,"2011-07-08T00:00:00.000Z","2011-07-08T00:00:00.000Z","Datajournalism, one year on. At LIFT",43.2961743,5.3699525
"Vienna, Austria",,"Conference",,"2011-10-14T00:00:00.000Z","2011-10-14T00:00:00.000Z","What data can do for you at World's Editors Forum",48.2083537,16.3725042
"Rotterdam, The Netherlands",,"Conference",,"2012-03-16T00:00:00.000Z","2012-03-16T00:00:00.000Z","Open Data and Datajournalism at ePSI",51.92779805,4.4886232693
"Berlin, Germany",,"Conference",,"2012-10-18T00:00:00.000Z","2012-10-18T00:00:00.000Z","Digital Backyards",52.5170365,13.3888599
"Bern, Switzerland",,"Conference",,"2011-05-30T00:00:00.000Z","2011-05-30T00:00:00.000Z","Data investigation techniques",46.9482713,7.4514512
"Paris, France",,"Conference",,"2011-12-06T00:00:00.000Z","2011-12-06T00:00:00.000Z","Personal Democracy Forum France",48.85881005,2.3200310116
"Paris, France",,"Conference",,"2010-09-24T00:00:00.000Z","2010-09-24T00:00:00.000Z","Crowdsourcing & Crowdfunding, what can journalists gain?",48.85881005,2.3200310116
"Metz, France",,"Conference",,"2010-12-06T00:00:00.000Z","2010-12-06T00:00:00.000Z","Crowdsourcing and Journalism at Entretiens du Webjournalism",49.1196964,6.1763552
"Montpellier, France",,"Conference",,"2012-06-22T00:00:00.000Z","2012-06-22T00:00:00.000Z","Fact-checking at 4M",43.6112422,3.8767337
"Vienna, Austria",,"Conference",,"2012-06-15T00:00:00.000Z","2012-06-15T00:00:00.000Z","Data literacy at data.journalism! conference",48.2083537,16.3725042
"Tunis",,"Conference","http://www.4m.cfi.fr/index.php/en/the-forums/4m-tunis/item/221-speakers-4m-tunis-forum-2012","2012-01-12T00:00:00.000Z","2012-01-13T00:00:00.000Z","4M Tunis",33.8439408,9.400138
"Berlin, Germany",,"Conference",,"2012-05-03T00:00:00.000Z","2012-05-03T00:00:00.000Z","Data literacy at Re:publica 12",52.5170365,13.3888599
"Berlin, Germany",,"Interview","https://web.archive.org/web/20110702091557/http://www.taz.de/1/netz/netzkultur/artikel/1/programmierer-als-journalisten/","2011-04-15T00:00:00.000Z","2011-04-15T00:00:00.000Z","Programmierer als Journalisten",52.5170365,13.3888599
"Berlin, Germany","In Deutsche Welle","Interview","http://archive.is/z61aE","2011-04-19T00:00:00.000Z","2011-04-19T00:00:00.000Z","Data visualizations emerge across newsrooms, online publishers",52.5170365,13.3888599
"Paris, France","With Philippe Couve","Project","http://www.journaliste-entrepreneur.com/2010/11/le-rapport-medias-nouveaux-modeles-economiques-et-questions-de-deontologie/","2010-11-08T00:00:00.000Z","2010-11-08T00:00:00.000Z","Médias: nouveaux modèles économiques et questions de déontologie",48.85881005,2.3200310116
"Paris, France",,"Interview","http://ce-soir-ou-jamais.france3.fr/?page=emission&id_rubrique=1232","2010-12-02T00:00:00.000Z","2010-12-02T00:00:00.000Z","Ce Soir ou Jamais, France3",48.85881005,2.3200310116
"Paris, France","On PBS Mediashift","Interview","http://www.pbs.org/mediashift/2011/03/how-french-site-owni-profits-by-giving-away-its-content070.html","2011-03-11T00:00:00.000Z","2011-03-11T00:00:00.000Z","How French Site OWNI Profits by Giving Away Its Content",48.85881005,2.3200310116
"Paris, France","In Le Point","Interview","http://www.lepoint.fr/high-tech-internet/interview-rencontre-avec-owni-partenaire-de-wikileaks-01-12-2010-1269521_47.php","2010-12-01T00:00:00.000Z","2010-12-01T00:00:00.000Z","Rencontre avec Owni, partenaire de WikiLeaks",48.85881005,2.3200310116
"Paris, France",,"Interview","http://www.internetactu.net/2010/07/09/journaliste-de-donnees-data-as-storytelling/","2010-07-09T00:00:00.000Z","2010-07-09T00:00:00.000Z","Journaliste de données : data as storytelling",48.85881005,2.3200310116
"Paris, France",,"Interview","http://www.discordance.fr/%C2%AB-la-liberte-d%E2%80%99expression-c%E2%80%99est-le-coeur-du-debat-sur-wikileaks-%C2%BB-25014","2010-12-17T00:00:00.000Z","2010-12-17T00:00:00.000Z","« La liberté d’expression, c’est le cœur du débat sur Wikileaks »",48.85881005,2.3200310116
"Paris, France",,"Interview","http://www.data-journalism.com/?p=102","2011-02-28T00:00:00.000Z","2011-02-28T00:00:00.000Z","« Pour faire du datajournalisme, il faut savoir maîtriser Excel »",48.85881005,2.3200310116
"Paris, France",,"Interview","http://www.franceculture.com/emission-l-invite-du-jour-pierre-beylau-cyril-lemieux-nicolas-kayser-bril-et-remy-ourdan-2010-11-30.","2010-11-30T00:00:00.000Z","2010-11-30T00:00:00.000Z","Y a-t-il une révolution Wikileaks?",48.85881005,2.3200310116
"Cologne, Germany",,"Interview","https://web.archive.org/web/20161027111512/http://medialdigital.de/2010/05/27/labor-fur-innovativen-journalismus-interview-mit-owni-datenchef-nicolas-kayser-bril/","2010-05-27T00:00:00.000Z","2010-05-27T00:00:00.000Z","“Labor für innovativen Journalismus” – Interview mit OWNI-Datenchef",50.938361,6.959974
"Berlin, Germany",,"Interview","http://berlinergazette.de/investigativer-datenjournalismus/","2011-06-08T00:00:00.000Z","2011-06-08T00:00:00.000Z","Investigativer Datenjournalismus: Beziehungen aufdecken mit “Influence Networks”",52.5170365,13.3888599
"Paris, France",,"Interview","http://moderateur.blog.regionsjob.com/index.php/post/Le-datajournalisme-enjeux-et-perspectives-interview-de-Nicolas-Kayser-Bril","2011-03-18T00:00:00.000Z","2011-03-18T00:00:00.000Z","Le datajournalisme, enjeux et perspectives",48.85881005,2.3200310116
"Metz, France",,"Training",,"2010-10-06T00:00:00.000Z","2010-10-06T00:00:00.000Z","Datajournalism at Uni Metz",49.1196964,6.1763552
"Metz, France",,"Training",,"2010-11-03T00:00:00.000Z","2010-11-03T00:00:00.000Z","Datajournalism at Uni Metz",49.1196964,6.1763552
"Metz, France",,"Training",,"2010-11-17T00:00:00.000Z","2010-11-17T00:00:00.000Z","Datajournalism at Uni Metz",49.1196964,6.1763552
"Metz, France",,"Training",,"2010-11-24T00:00:00.000Z","2010-11-24T00:00:00.000Z","Datajournalism at Uni Metz",49.1196964,6.1763552
"Metz, France",,"Training",,"2010-12-01T00:00:00.000Z","2010-12-01T00:00:00.000Z","Datajournalism at Uni Metz",49.1196964,6.1763552
"Metz, France",,"Training",,"2010-12-15T00:00:00.000Z","2010-12-15T00:00:00.000Z","Datajournalism at Uni Metz",49.1196964,6.1763552
"Paris, France",,"Training",,"2011-05-27T00:00:00.000Z","2011-05-27T00:00:00.000Z","Journalisme de données at EMI-CFD",48.85881005,2.3200310116
"Paris, France",,"Training",,"2011-01-20T00:00:00.000Z","2011-01-20T00:00:00.000Z","Datajournalism and investigation at CFJ",48.85881005,2.3200310116
"Lille, France",,"Training",,"2011-03-10T00:00:00.000Z","2011-03-10T00:00:00.000Z","Datajournalisme at ESJ",50.6305089,3.0706414
"Paris, France","With Julien Goetz","Conference",,"2012-03-26T00:00:00.000Z","2012-03-26T00:00:00.000Z","Forum Osons La France: Stereotypes and data",48.85881005,2.3200310116
"Eghezée, Belgium","With Damien Van Achter","Training",,"2012-02-28T00:00:00.000Z","2012-02-28T00:00:00.000Z","Datajournalism",50.5917416,4.9049523
"Amiens, France",,"Training",,"2012-06-20T00:00:00.000Z","2012-06-18T00:00:00.000Z","Datajournalism at Courrier Picard",49.8941708,2.2956951
"Tunis, Tunisia",,"Training",,"2012-04-04T00:00:00.000Z","2012-04-03T00:00:00.000Z","Business models for journalism",33.8439408,9.400138
"Berlin, Germany",,"Article","http://www.data-publica.com/content/2011/11/pourquoi-le-niveau-de-vie-diminue-alors-que-le-pouvoir-d%E2%80%99achat-augmente/","2011-11-28T00:00:00.000Z","2011-11-28T00:00:00.000Z","Pourquoi le niveau de vie diminue alors que le pouvoir d’achat augmente ?",52.5170365,13.3888599
"Berlin, Germany",,"Project","http://www.alertepolitique.fr/","2012-04-02T00:00:00.000Z","2012-04-02T00:00:00.000Z","Alerte Politique",52.5170365,13.3888599
"Paris, France",,"Project",,"2010-10-22T00:00:00.000Z","2010-10-22T00:00:00.000Z","The Iraqi Warlogs",48.85881005,2.3200310116
"Berlin, Germany",,"Project",,"2010-07-26T00:00:00.000Z","2010-07-26T00:00:00.000Z","The Afghan Warlogs",52.5170365,13.3888599
"Santiago, Chile",,"Interview","http://www.lanacion.cl/nicolas-kayser-bril-el-articulo-noticioso-esta-muriendo/noticias/2013-07-19/184602.html","2013-07-22T00:00:00.000Z","2013-07-22T00:00:00.000Z","“El artículo noticioso está muriendo”",-33.4377968,-70.6504451
"Santiago, Chile","With Miguel Paz","Training","https://eventioz.cl/e/escuela-de-invierno-de-datos/agenda","2013-07-23T00:00:00.000Z","2013-07-22T00:00:00.000Z","Winter School of Inria Chile",-33.4377968,-70.6504451
"Santiago, Chile","Opening conference for the Winter School of Inria Chile","Conference","http://prez.nkb.fr/inria-chile","2013-07-22T00:00:00.000Z","2013-07-22T00:00:00.000Z","Data-driven stories for SME",-33.4377968,-70.6504451
"Zürich, Switzerland",,"Training",,"2013-08-20T00:00:00.000Z","2013-08-19T00:00:00.000Z","Tamedia - Datajournalism",47.3723957,8.5423216
"Zürich, Switzerland",,"Training",,"2013-08-13T00:00:00.000Z","2013-08-12T00:00:00.000Z","Tamedia - Datajournalism",47.3723957,8.5423216
"Paris, France","Translation and adaptation of the Datajournalism Handbook.","Project","http://jplusplus.github.io/guide-du-datajournalisme/","2013-08-22T00:00:00.000Z","2013-08-22T00:00:00.000Z","Guide du datajournalisme",48.85881005,2.3200310116
"Lausanne, Switzerland","Lecture and worshop for Schweizerische Studienstiftung.","Conference","http://prez.nkb.fr/faire-avancer-la-societe-avec-des-donnees","2013-09-13T00:00:00.000Z","2013-09-13T00:00:00.000Z","Schweizerische Studienstiftung",46.5218269,6.6327025
"Berlin, Germany","Lecture at Hertie School of Governance.","Conference","http://prez.nkb.fr/ddj-elections","2013-09-11T00:00:00.000Z","2013-09-11T00:00:00.000Z","Elections and datajournalism, Hertie School of Governance",52.5170365,13.3888599
"Singapore","Digital Journalism World conference","Conference","http://prez.nkb.fr/djw-ddj-operation","2013-10-06T00:00:00.000Z","2013-10-06T00:00:00.000Z","How to set up a #ddj operation when you're not the NYT",1.2904753,103.8520359
"Singapore","Digital Journalism World conference","Conference","http://prez.nkb.fr/data-literacy/","2013-10-07T00:00:00.000Z","2013-10-07T00:00:00.000Z","How data literate are you?",1.2904753,103.8520359
,"Interview for Journalism.co.uk's podcast","Interview","http://blogs.journalism.co.uk/2013/10/18/podcast-how-small-newsrooms-can-make-an-impact-with-data-journalism/#sthash.TcOVodq1.uxfs","2013-10-18T00:00:00.000Z","2013-10-18T00:00:00.000Z","How small newsrooms can make an impact with data journalism",,
,,"Interview","http://www.radio-canada.ca/emissions/les_samedis_du_monde/2013-2014/chronique.asp?idChronique=317015","2013-10-19T00:00:00.000Z","2013-10-19T00:00:00.000Z","Les samedis du monde de Radio Canada",,
"Bari, Italy",,"Conference","https://www.meshagree.com/event/opendatainaction","2013-10-26T00:00:00.000Z","2013-10-26T00:00:00.000Z","Open Data in Action",41.1257843,16.8620293
"Neuchâtel, Switzerland",,"Training",,"2013-11-01T00:00:00.000Z","2013-10-28T00:00:00.000Z","AJM, Université de Neuchâtel",46.9895828,6.9292641
,,"Article","http://datadrivenjournalism.net/news_and_analysis/a_fundamental_way_data_repositories_must_change","2013-10-29T00:00:00.000Z","2013-10-29T00:00:00.000Z","A Fundamental Way Data Repositories Must Change",,
"Bern, Switzerland",,"Training",,"2013-11-12T00:00:00.000Z","2013-11-11T00:00:00.000Z","Datajournalism at Tamedia",46.9482713,7.4514512
,,"Article","http://www.2081.info/?contrib=227&sujet=100","2013-11-15T00:00:00.000Z","2013-11-15T00:00:00.000Z","La valeur ajoutée des bases de données, in 2081.info",,
,"A project for OKF done by the whole Journalism++ Paris/Berlin team.","Project","http://spendingstories.org/","2013-11-21T00:00:00.000Z","2013-11-21T00:00:00.000Z","Spending Stories",,
,"The best network analysis tool, done by the whole Journalism++ Paris/Berlin team.","Project","http://detective.io/","2013-11-27T00:00:00.000Z","2013-11-27T00:00:00.000Z","Detective.io",,
,,"Interview","http://www.prun.net/emissions/mediatisez-moi-29112013","2013-11-29T00:00:00.000Z","2013-11-29T00:00:00.000Z","Médiatisez-moi, Prun radio",,
"Ljubljana, Slovenia",,"Conference","http://naprej-forward.org/kdo-who/55#Nicolas%20Kayser-Bril","2013-11-22T00:00:00.000Z","2013-11-21T00:00:00.000Z","Naprej Forward",46.0498146,14.5067824
,,"Interview","http://www.open-steps.org/interview-with-journalism-parisberlin-francegermany/","2013-11-25T00:00:00.000Z","2013-11-25T00:00:00.000Z","Open Steps",,
,,"Article","http://www.theguardian.com/world/2014/jan/24/africa-clinton?commentpage=1","2014-01-24T00:00:00.000Z","2014-01-24T00:00:00.000Z","Africa isn't a Country, on The Guardian",,
"Bern, Switzerland","With Mirko Lorenz","Training",,"2014-01-14T00:00:00.000Z","2014-01-13T00:00:00.000Z","Tamedia datajournalism",46.9482713,7.4514512
"Bern, Switzerland","With Mirko Lorenz","Training",,"2013-12-03T00:00:00.000Z","2013-12-02T00:00:00.000Z","Tamedia datajournalism",46.9482713,7.4514512
"Beirut, Lebanon",,"Conference","http://prez.nkb.fr/business-models","2013-12-06T00:00:00.000Z","2013-12-06T00:00:00.000Z","Business models of datajournalism",33.8959203,35.47843
"Berlin, Germany",,"Conference","http://berlinergazette.de/symposium/whtj/","2013-12-08T00:00:00.000Z","2013-12-08T00:00:00.000Z","Berliner Gazette, Whatever Happened to Journalism",52.5170365,13.3888599
"Lille, France",,"Conference","http://prez.nkb.fr/insee-esj","2013-12-12T00:00:00.000Z","2013-12-12T00:00:00.000Z","Les statistiques au secours du journalisme, at ESJ",50.6305089,3.0706414
"Mechelen, Belgium",,"Conference",,"2013-12-17T00:00:00.000Z","2013-12-17T00:00:00.000Z","Datajournalism conference at Sanoma",51.0281381,4.4803453
,,"Interview","http://www.journalism.co.uk/news/detective-io-launches-to-search-connections-in-datasets/s2/a555266/","2013-11-29T00:00:00.000Z","2013-11-29T00:00:00.000Z"," Detective.io launches as platform for data investigations, Journalism.co.uk",,
"Zürich, Switzerland","With Julian Schmidli","Conference",,"2014-01-27T00:00:00.000Z","2014-01-27T00:00:00.000Z","Conference for Tamedia Management/Leadership",47.3723957,8.5423216
"Paris, France","With Pierre Romera","Conference",,"2014-01-30T00:00:00.000Z","2014-01-30T00:00:00.000Z","Presentation at ESJ Hackathon",48.85881005,2.3200310116
"Bern, Switzerland","With Pierre Romera","Training",,"2014-02-11T00:00:00.000Z","2014-02-10T00:00:00.000Z","Training datajournalism for Tamedia",46.9482713,7.4514512
"Lille, France",,"Training",,"2014-02-18T00:00:00.000Z","2014-02-17T00:00:00.000Z","Datajournalism at ESJ",50.6305089,3.0706414
"Paris, France",,"Training",,"2014-02-20T00:00:00.000Z","2014-02-19T00:00:00.000Z","Datajournalism at ISCPA",48.85881005,2.3200310116
"Istanbul, Turkey","In the class of Pinar Dag","Conference",,"2014-03-13T00:00:00.000Z","2014-03-13T00:00:00.000Z","Lecture at Kadir Has university",41.0096334,28.9651646
"Istanbul, Turkey",,"Project","http://attending.io/events/datajournalism-meetup","2014-03-13T00:00:00.000Z","2014-03-13T00:00:00.000Z","Data-driven journalism meetup",41.0096334,28.9651646
"Chatenay Malabry, France",,"Conference",,"2014-03-10T00:00:00.000Z","2014-03-10T00:00:00.000Z","Lecture on open data at ANDRA",48.7661105,2.2781646
"Paris, France",,"Training",,"2014-02-24T00:00:00.000Z","2014-02-24T00:00:00.000Z","Infographics - 1 day at EMI CFD",48.85881005,2.3200310116
,"A pan-European investigation on migrants deaths coordinated by Journalism++.","Project","http://themigrantsfiles.com/","2014-03-31T00:00:00.000Z","2014-03-31T00:00:00.000Z","The Migrants Files",,
"Brussels, Belgium",,"Conference",,"2014-05-10T00:00:00.000Z","2014-05-09T00:00:00.000Z","DataHarvest+",50.8465573,4.351697
,,"Interview","http://atelier.rfi.fr/profiles/blogs/rencontre-avec-deux-journalistes","2014-04-25T00:00:00.000Z","2014-04-25T00:00:00.000Z","Atelier des Médias",,
"Katowice, Poland",,"Training","http://urbandatastories.eu/data-driven-journalism/","2014-05-25T00:00:00.000Z","2014-05-23T00:00:00.000Z","Data driven investigation workshop",50.2137321,19.0058877566
"Barcelona, Spain",,"Conference","http://gensummitcccbbarcelona2014.sched.org/speaker/nicolaskayserbril1","2014-06-13T00:00:00.000Z","2014-06-11T00:00:00.000Z","GEN Summit",41.3828939,2.1774322
"Berlin, Germany",,"Conference","http://www.supermarkt-berlin.net/event/recherche-lab-iv/","2014-06-20T00:00:00.000Z","2014-06-20T00:00:00.000Z","Recherche Lab IV",52.5170365,13.3888599
"Brussels, Belgium",,"Training",,"2014-06-23T00:00:00.000Z","2014-06-23T00:00:00.000Z","Formation au datajournalisme",50.8465573,4.351697
"Warsaw, Poland",,"Training",,"2014-06-27T00:00:00.000Z","2014-06-24T00:00:00.000Z","Trainings on data-driven investigation, open source intel, business models",52.2319237,21.0067265
"Hamburg, Germany",,"Conference","http://netzwerkrecherche.org/wordpress/nr14/referenten/","2014-07-05T00:00:00.000Z","2014-07-04T00:00:00.000Z","Netzwerk Recherche",53.5437641,10.0099133
"Paris, France",,"Interview","http://videos.lesechos.fr/news/interviews/parole-d-expat-a-berlin-nous-l-europe-on-la-fait-au-quotidien-3690764857001.html","2014-08-08T00:00:00.000Z","2014-08-08T00:00:00.000Z","Interview dans Les Echos",48.85881005,2.3200310116
,,"Interview","http://datajournalistiek.nl/en/methods/detective-io/","2014-06-06T00:00:00.000Z","2014-06-06T00:00:00.000Z","Interview on Detective.io in Datajournalistiek.nl",,
"Berlin, Germany","Reportage on Arte","Interview","http://www.arte.tv/guide/fr/048392-000/presse-vers-un-monde-sans-papier","2014-01-01T00:00:00.000Z","2014-08-27T00:00:00.000Z","Vers un monde sans papier?",52.5170365,13.3888599
"Bruxelles, Belgium",,"Training",,"2014-09-05T00:00:00.000Z","2014-09-01T00:00:00.000Z","Datajournalisme à la Summer School AJPro",50.8465573,4.351697
"Bruxelles, Belgium",,"Conference",,"2014-09-03T00:00:00.000Z","2014-09-03T00:00:00.000Z","Enquêtes en sources ouvertes à Ihecs Academy",50.8465573,4.351697
"Lausanne, Switzerland",,"Training",,"2014-09-12T00:00:00.000Z","2014-09-11T00:00:00.000Z","Datajournalisme at CFJM",46.5218269,6.6327025
"Paris, France",,"Interview","http://www.france24.com/fr/20140913-le-web-revolutionne-le-journalisme-d-investigation/?aef_campaign_date=2014-09-13&aef_campaign_ref=partage_user&ns_campaign=reseaux_sociaux&ns_linkname=emission&ns_mchannel=social&ns_source=twitter","2014-09-14T00:00:00.000Z","2014-09-14T00:00:00.000Z","France24",48.85881005,2.3200310116
"Bruxelles, Belgium",,"Conference",,"2014-09-23T00:00:00.000Z","2014-09-23T00:00:00.000Z","EU tech journalists",50.8465573,4.351697
"Lausannes, Switzerland",,"Training",,"2014-10-03T00:00:00.000Z","2014-10-02T00:00:00.000Z","CFJM datajournalism training",46.5609746,6.6826413
"Paris, France",,"Training",,"2014-10-10T00:00:00.000Z","2014-10-08T00:00:00.000Z","AEF datajournalism training",48.85881005,2.3200310116
"Paris, France",,"Training",,"2014-10-15T00:00:00.000Z","2014-10-13T00:00:00.000Z","AEF datajournalism training",48.85881005,2.3200310116
"Beirut, Lebanon",,"Conference",,"2014-10-16T00:00:00.000Z","2014-10-16T00:00:00.000Z","4M Beirut",33.8959203,35.47843
"Louvain la neuve, Belgium",,"Training",,"2014-10-21T00:00:00.000Z","2014-10-21T00:00:00.000Z","UPP datajournalism training",50.6741689,4.6141567317
"Madrid, Spain",,"Conference",,"2014-10-26T00:00:00.000Z","2014-10-24T00:00:00.000Z","Taller Datos",40.4167047,-3.7035825
"Madrid, Spain",,"Interview","http://blogs.unir.net/juantxo-cruz/3124-nikolas-kayser-brill-en-periodismo-de-datos-muchas-veces-la-pieza-fundamental-es-el-texto","2014-11-04T00:00:00.000Z","2014-11-04T00:00:00.000Z","Interview for UNIR",40.4167047,-3.7035825
"Lausanne, Switzerland",,"Training",,"2014-12-05T00:00:00.000Z","2014-12-04T00:00:00.000Z","Datajournalisme at CFJM",46.5218269,6.6327025
"Paris, France",,"Training",,"2014-11-14T00:00:00.000Z","2014-11-08T00:00:00.000Z","Datajournalisme for Le Monde journalists",48.85881005,2.3200310116
"Nantes, France",,"Training",,"2015-01-16T00:00:00.000Z","2015-01-15T00:00:00.000Z","Scraping & cleaning data",47.2186371,-1.5541362
"Paris, France",,"Training",,"2015-01-23T00:00:00.000Z","2015-01-22T00:00:00.000Z","Advanced datajournalism at Le Figaro",48.85881005,2.3200310116
"Lille, France",,"Training",,"2015-01-30T00:00:00.000Z","2015-01-26T00:00:00.000Z","Datajournalism at ESJ",50.6305089,3.0706414
"Neuchatel, Switzerland",,"Training",,"2015-03-06T00:00:00.000Z","2015-03-02T00:00:00.000Z","Datajournalism at AJM",46.9895828,6.9292641
,"With Anne-Lise Bouyer","Article","http://jplusplus.github.io/woman-tax/index.html","2015-02-20T00:00:00.000Z","2015-02-20T00:00:00.000Z","Why we could not compute the Woman Tax",,
,,"Article",,"2015-02-27T00:00:00.000Z","2015-02-27T00:00:00.000Z","Faut il avoir peur du Big Data? in Paris Worldwide",,
"Berlin, Germany",,"Interview","http://digheads.de/2015/02/27/nicolas-kayser-bril-graf-zahl/","2015-02-28T00:00:00.000Z","2015-02-28T00:00:00.000Z","Graf Zahl",52.5170365,13.3888599
"Denmark",,"Interview","http://www.dr.dk/radio/ondemand/p1/p1-dokumentar-2015-04-02#!/","2015-04-02T00:00:00.000Z","2015-04-02T00:00:00.000Z","Cross-border journalism",55.670249,10.3333283
,,"Interview","http://www.katoikos.eu/highlights/journalists-investigation-counts-fatalities-at-europes-borders.html","2015-03-12T00:00:00.000Z","2015-03-12T00:00:00.000Z","JOURNALISTS’ INVESTIGATION COUNTS FATALITIES AT EUROPE’S BORDERS",,
,,"Interview","http://www.cjr.org/behind_the_news/european_reporter_collaboratio.php?page=all","2014-11-12T00:00:00.000Z","2014-11-12T00:00:00.000Z","European Union journalists cross borders for story collaboration",,
"Moscow, Russia",,"Conference","http://www.hse.ru/en/news/147907042.html","2015-04-09T00:00:00.000Z","2015-04-09T00:00:00.000Z","Datajournalism in the European Context",55.7507178,37.6176606
"Moscow, Russia",,"Conference","http://conf.hse.ru/en/2015/program/","2015-04-08T00:00:00.000Z","2015-04-08T00:00:00.000Z","Transformation of Communication Processes: Data Journalism",55.7507178,37.6176606
"Paris, France",,"Training",,"2015-03-20T00:00:00.000Z","2015-03-16T00:00:00.000Z","Datajournalisme au CFJ",48.85881005,2.3200310116
"Paris, France",,"Training",,"2015-03-24T00:00:00.000Z","2015-03-23T00:00:00.000Z","Datajournalisme auprès des journalistes du Monde, EMI-CFD",48.85881005,2.3200310116
,,"Interview","http://ici.radio-canada.ca/emissions/les_samedis_du_monde/2014-2015/chronique.asp?idChronique=372053","2015-05-09T00:00:00.000Z","2015-05-09T00:00:00.000Z","La Samedi du Monde, Radio Canada",,
"Paris",,"Training",,"2015-03-31T00:00:00.000Z","2015-03-30T00:00:00.000Z","Datajournalism training",48.85881005,2.3200310116
"Moscow",,"Conference",,"2015-04-10T00:00:00.000Z","2015-04-08T00:00:00.000Z","XVI APRIL INTERNATIONAL ACADEMIC CONFERENCE ON ECONOMIC AND SOCIAL DEVELOPMENT",55.7507178,37.6176606
"Moscow",,"Training",,"2015-04-09T00:00:00.000Z","2015-04-09T00:00:00.000Z","Datajournalism conference for students of the HSE school of journalism",55.7507178,37.6176606
"Perugia",,"Conference",,"2015-04-17T00:00:00.000Z","2015-04-16T00:00:00.000Z","JournalismFest",43.1119613,12.3890104
"Lausanne",,"Training",,"2015-04-28T00:00:00.000Z","2015-04-27T00:00:00.000Z","Datajournalism at CFJM",46.5218269,6.6327025
"Bruxelles",,"Conference",,"2015-05-10T00:00:00.000Z","2015-05-08T00:00:00.000Z","Dataharvest",50.8465573,4.351697
"Espoo",,"Conference","https://www.youtube.com/watch?v=IjyCa5FaxA0","2015-05-17T00:00:00.000Z","2015-05-15T00:00:00.000Z","Newsgeist",60.2241869,24.6603626
"Lausanne",,"Training",,"2015-05-19T00:00:00.000Z","2015-05-18T00:00:00.000Z","Datajournalism at CFJM",46.5218269,6.6327025
"Paris",,"Training",,"2015-06-19T00:00:00.000Z","2015-06-15T00:00:00.000Z","Le Monde at EMI",48.85881005,2.3200310116
"Paris",,"Project","http://themigrantsfiles.com/","2015-06-18T00:00:00.000Z","2015-06-18T00:00:00.000Z","The Migrants Files: Follow the Money",48.85881005,2.3200310116
"Genève",,"Project","http://parlometre.ch/","2015-06-25T00:00:00.000Z","2015-06-25T00:00:00.000Z","Parlomètre",46.2017559,6.1466014
"Ladenburg, Germany",,"Conference",,"2015-07-01T00:00:00.000Z","2015-07-01T00:00:00.000Z","Ladenburg Roundtable",49.4718989,8.6101969
,,"Interview",,"2015-06-23T00:00:00.000Z","2015-06-23T00:00:00.000Z","Interveiw on Robot Journalism for eFM Primetime, Seoul",,
"Paris, France",,"Training",,"2015-09-17T00:00:00.000Z","2015-09-14T00:00:00.000Z","Datajournalism, Le Monde",48.85881005,2.3200310116
"Karlsruhe, Germany",,"Conference","http://zkm.de/event/2015/09/globale-online-journalismus-und-die-4-macht","2015-09-18T00:00:00.000Z","2015-09-18T00:00:00.000Z","MigrantsFiles",49.0068705,8.4034195
"Neuchâtel, Switzerland",,"Training",,"2015-10-23T00:00:00.000Z","2015-10-19T00:00:00.000Z","Datajournalism at Unine",46.9895828,6.9292641
"Lausanne, Switzerland",,"Training",,"2015-10-27T00:00:00.000Z","2015-10-26T00:00:00.000Z","Datajournalism at CFJM",46.5218269,6.6327025
"Buenos Aires, Argentina",,"Conference",,"2015-11-03T00:00:00.000Z","2015-11-02T00:00:00.000Z","Grupo de Diarios América conference",-34.6075616,-58.437076
"Strasbourg, France",,"Training",,"2015-11-27T00:00:00.000Z","2015-11-25T00:00:00.000Z","Workshop OpenBudgets",48.584614,7.7507127
"Paris, France",,"Training",,"2016-01-07T00:00:00.000Z","2016-01-04T00:00:00.000Z","Datajournalism with Le Monde",48.85881005,2.3200310116
,,"Interview","http://www.medi1.com/episode/le-data-journalisme-131890","2016-04-16T00:00:00.000Z","2016-04-16T00:00:00.000Z","Le datajournalisme, interview with Medi1radio",,
,,"Project","http://www.rentswatch.com/","2016-05-02T00:00:00.000Z","2016-05-02T00:00:00.000Z","Rentswatch",,
,,"Article","http://blog.nkb.fr/legitimacy-power","2016-05-15T00:00:00.000Z","2016-05-15T00:00:00.000Z","The new legitimiacy of power",,
,,"Article","http://blog.nkb.fr/informer-avec-des-donnees-structurees","2016-05-11T00:00:00.000Z","2016-05-11T00:00:00.000Z","Informer avec des données structurées",,
"Lille, France",,"Training",,"2016-03-03T00:00:00.000Z","2016-03-01T00:00:00.000Z","ESJ - datajournalisme",50.6305089,3.0706414
"Tours, France",,"Conference",,"2016-03-11T00:00:00.000Z","2016-03-11T00:00:00.000Z","Assises du journalisme",47.3900474,0.6889268
"Lausanne, Switzerland",,"Training",,"2016-03-15T00:00:00.000Z","2016-03-14T00:00:00.000Z","Datajournalisme - CFJM",46.5218269,6.6327025
"Toulouse, France",,"Training",,"2016-03-21T00:00:00.000Z","2016-03-21T00:00:00.000Z","Milan Presse - datajournalisme",43.6044622,1.4442469
"Paris, France",,"Training",,"2016-03-25T00:00:00.000Z","2016-03-22T00:00:00.000Z","BFMTV - datajournalisme",48.85881005,2.3200310116
"Istanbul, Turkey",,"Conference",,"2016-04-07T00:00:00.000Z","2016-04-06T00:00:00.000Z","PIJ conference",41.0096334,28.9651646
"Paris, France",,"Training",,"2016-04-13T00:00:00.000Z","2016-04-11T00:00:00.000Z","CFJ - datajournalisme",48.85881005,2.3200310116
"Paris, France",,"Conference",,"2016-04-21T00:00:00.000Z","2016-04-21T00:00:00.000Z","4M",48.85881005,2.3200310116
"Helsinki, Finland",,"Conference",,"2016-04-23T00:00:00.000Z","2016-04-22T00:00:00.000Z","NODA16",60.1674086,24.9425683
"Madrid, Spain",,"Conference",,"2016-04-25T00:00:00.000Z","2016-04-25T00:00:00.000Z","News impact summit",40.4167047,-3.7035825
,,"Interview","http://www.liberation.fr/futurs/2016/04/06/datajournalisme-extension-du-domaine-de-la-fuite_1444214","2016-04-06T00:00:00.000Z","2016-04-06T00:00:00.000Z","Datajournalisme : extension du domaine de la fuite",,
"Paris",,"Training",,"2016-05-19T00:00:00.000Z","2016-05-17T00:00:00.000Z","Datajournalism course at CFJ",48.85881005,2.3200310116
"Lausanne",,"Conference",,"2016-05-20T00:00:00.000Z","2016-05-20T00:00:00.000Z","What's datajournalism, talk at Media Suisse",46.5218269,6.6327025
"Bilbao",,"Conference",,"2016-06-03T00:00:00.000Z","2016-06-03T00:00:00.000Z","Newsgeist",43.2630051,-2.9349915
"Berlin",,"Conference",,"2016-06-30T00:00:00.000Z","2016-06-30T00:00:00.000Z","10 years of datajournalism at NISBER",52.5170365,13.3888599
"Mechelen",,"Conference",,"2016-06-01T00:00:00.000Z","2016-06-01T00:00:00.000Z","Dataharvest",51.0281381,4.4803453
"Vilnius",,"Training",,"2016-07-07T00:00:00.000Z","2016-07-06T00:00:00.000Z","Data for transparency at the TransparencyCamp",54.6870458,25.2829111
"Gothenburg",,"Training",,"2016-09-08T00:00:00.000Z","2016-09-08T00:00:00.000Z","Introduction to Datajournalism",57.7072326,11.9670171
"Athens",,"Conference",,"2016-09-24T00:00:00.000Z","2016-09-23T00:00:00.000Z","Reatreat Conference",37.9841493,23.7279843
,,"Project","http://jquestapp.com","2016-09-01T00:00:00.000Z","2016-09-01T00:00:00.000Z","jQuest",,
"Neuchâtel",,"Training",,"2016-09-28T00:00:00.000Z","2016-09-28T00:00:00.000Z","Datajournalism at AJM",46.9895828,6.9292641
"Copenhagen",,"Conference",,"2016-10-21T00:00:00.000Z","2016-10-20T00:00:00.000Z","MINDS Conference",55.6867243,12.5700724
,,"Interview","https://adatujsagiras.atlatszo.hu/2016/10/25/nicolas-kayser-bril-az-a-kerdes-mi-az-ujsagiras-egyaltalan/","2016-10-26T00:00:00.000Z","2016-10-26T00:00:00.000Z","Nicolas Kayser-Bril: Az a kérdés, mi az újságírás egyáltalán?",,
"Moscow",,"Conference","https://www.youtube.com/watch?v=c2UHdfIxKEY","2016-11-18T00:00:00.000Z","2016-11-18T00:00:00.000Z","Conference at TASS",55.7507178,37.6176606
"Moscow",,"Training",,"2016-11-17T00:00:00.000Z","2016-11-16T00:00:00.000Z","Mapping for storytelling, course at HSE",55.7507178,37.6176606
"Moscow",,"Training",,"2016-11-19T00:00:00.000Z","2016-11-19T00:00:00.000Z","Mapping for storytelling, course at HSE",55.7507178,37.6176606
"Wannsee",,"Conference",,"2016-11-13T00:00:00.000Z","2016-11-13T00:00:00.000Z","Datajournalism camp: Presentation of Migrants Files",52.4211482,13.1589374
"Berlin",,"Training",,"2016-11-14T00:00:00.000Z","2016-11-14T00:00:00.000Z","Datajournalism camp: OpenRefine",52.5170365,13.3888599
"Paris",,"Training",,"2016-11-22T00:00:00.000Z","2016-11-22T00:00:00.000Z","Datajournalism, Prisma",48.85881005,2.3200310116
"Oxford",,"Conference",,"2016-12-02T00:00:00.000Z","2016-12-02T00:00:00.000Z","Collaboration in Journalism",51.7520131,-1.2578499
,"Not really an interview, more like reading a text I wrote. Immerhin.","Interview","http://breitband.deutschlandradiokultur.de/brb161203/","2016-12-03T00:00:00.000Z","2016-12-03T00:00:00.000Z","Echt wahr: Datenjournalismus und Liebeleien, Breitband",,
,"Phone interview to discuss the Streetvox article.","Interview",,"2017-01-19T00:00:00.000Z","2017-01-19T00:00:00.000Z","Radio Nova",,
,"Article that uses data from jQuest.","Article","http://www.lexpress.fr/actualite/politique/fn-et-extreme-droite-des-partis-comme-les-autres-la-preuve-par-les-donnees_1870721.html","2017-01-21T00:00:00.000Z","2017-01-21T00:00:00.000Z","FN et extrême droite, des partis comme les autres: la preuve par les données",,
,"Article that uses data from jQuest.","Article","http://www.streetpress.com/sujet/1484673356-diversite-elus-en-europe","2017-01-17T00:00:00.000Z","2017-01-17T00:00:00.000Z","On a mesuré la diversité des élus en Europe et la France est au fond du classement",,
"Toulouse",,"Training",,"2016-12-13T00:00:00.000Z","2016-12-13T00:00:00.000Z","Développer son esprit critique face aux nombres",43.6044622,1.4442469
"Neuchâtel",,"Training",,"2016-12-09T00:00:00.000Z","2016-12-07T00:00:00.000Z","Datajournalisme, Unine",46.9895828,6.9292641
"Athens","Organized by KAS","Conference",,"2016-12-19T00:00:00.000Z","2016-12-19T00:00:00.000Z","Presentation of The Migrants' Files",37.9841493,23.7279843
"Marseilles","At EJCAM","Conference",,"2017-01-27T00:00:00.000Z","2017-01-27T00:00:00.000Z","Informer avec des Données structurées",43.2961743,5.3699525
,,"Project","https://jplusplus.github.io/the-accountant/","2017-02-27T00:00:00.000Z","2017-02-27T00:00:00.000Z","The Good, The Bad and The Accountant",,
,,"Article","http://www.streetpress.com/sujet/1488373119-corruption-elus-jeu","2017-03-01T00:00:00.000Z","2017-03-01T00:00:00.000Z","J’ai créé un jeu qui t’apprend à devenir un élu… corrompu",,
"Perugia","Various panels","Conference",,"2017-04-08T00:00:00.000Z","2017-04-05T00:00:00.000Z","International Journalism Festival",43.1119613,12.3890104
"Paris",,"Training",,"2017-03-28T00:00:00.000Z","2017-03-27T00:00:00.000Z","Datajournalisme, CFJ",48.85881005,2.3200310116
"Paris",,"Training",,"2017-04-20T00:00:00.000Z","2017-04-19T00:00:00.000Z","Datajournalisme, CFJ",48.85881005,2.3200310116
,"Phone interview to discuss The Good, The Bad and The Accountant.","Interview","http://assets.radiopsr.de/sites/default/files/media/audio/2017-04/Spiel_zu_Korruption__Die_Guten%2C_die_B%C3%B6sen_und_die_Buchhalter_-_19_20_TdSb_2017-04-30.mp3","2017-05-01T00:00:00.000Z","2017-05-01T00:00:00.000Z","Themen, die Sachsen bewegen (Radio PSR)",,
,,"Interview","http://www.uutisraivaaja.fi/en/2017/05/30/uutisraivaaja-alumni-team-influencenetworks/","2017-05-30T00:00:00.000Z","2017-05-30T00:00:00.000Z","Uutisraivaaja alumni: team InfluenceNetworks",,
,,"Interview","https://blog.okfn.org/2017/05/16/how-can-journalists-best-handle-public-fiscal-data-to-produce-data-driven-stories-an-interview-with-nicolas-kayser-bril/","2017-05-16T00:00:00.000Z","2017-05-16T00:00:00.000Z","How can journalists best handle public fiscal data to produce data-driven stories?",,
,,"Article","http://blog.nkb.fr/airport-controls","2017-07-19T00:00:00.000Z","2017-07-19T00:00:00.000Z","Airport Controls",,
,,"Article","http://blog.nkb.fr/ich-bin-deutscher","2017-07-20T00:00:00.000Z","2017-07-20T00:00:00.000Z","Ich bin jetzt Deutscher",,
,,"Article","http://blog.nkb.fr/humanism-racism","2017-07-03T00:00:00.000Z","2017-07-03T00:00:00.000Z","The Humanist Paradox",,
,,"Article","http://blog.nkb.fr/les-cles-pour-comprendre","2017-06-03T00:00:00.000Z","2017-06-03T00:00:00.000Z","Les Clés pour Comprendre",,
,,"Article","http://blog.nkb.fr/things-learned-jpp","2017-06-01T00:00:00.000Z","2017-06-01T00:00:00.000Z","Things learned in 5 years of Journalism++",,
,,"Article","http://blog.nkb.fr/measuring-the-unmeasured","2017-07-28T00:00:00.000Z","2017-07-28T00:00:00.000Z","Measuring the unmeasured with data",,
,,"Article","http://blog.nkb.fr/what-could-google-do","2017-08-16T00:00:00.000Z","2017-08-16T00:00:00.000Z","What could Google do? (If it cared about journalism)",,
"Paris",,"Training",,"2017-09-06T00:00:00.000Z","2017-09-04T00:00:00.000Z","Datajournalisme for Les Décodeurs",48.85881005,2.3200310116
"Dortmund",,"Conference","http://blog.nkb.fr/meyer-revisited","2017-09-08T00:00:00.000Z","2017-09-07T00:00:00.000Z","SciCAR",51.5142273,7.4652789
"Paris","Masterclass devant les étudiants de l'EFJ.","Conference",,"2017-09-28T00:00:00.000Z","2017-09-28T00:00:00.000Z","PPDA et les contradictions du journalisme",48.85881005,2.3200310116
"Nantes",,"Conference","http://blog.nkb.fr/se-liberer-par-les-donnees","2017-09-20T00:00:00.000Z","2017-09-20T00:00:00.000Z","Il ne faut pas libérer les données, il faut se libérer par les données.",47.2186371,-1.5541362
"Levallois",,"Training",,"2017-10-03T00:00:00.000Z","2017-10-02T00:00:00.000Z","Datajournalisme at EFJ",48.8951087,2.2873009
"Berlin",,"Training",,"2017-10-25T00:00:00.000Z","2017-10-25T00:00:00.000Z","Datajournalisme at HMKW",52.5170365,13.3888599
"Berlin",,"Training",,"2017-10-30T00:00:00.000Z","2017-10-30T00:00:00.000Z","Datajournalisme at HMKW",52.5170365,13.3888599
"Berlin",,"Training",,"2017-11-08T00:00:00.000Z","2017-11-08T00:00:00.000Z","Datajournalisme at HMKW",52.5170365,13.3888599
"Berlin",,"Training",,"2017-11-10T00:00:00.000Z","2017-11-10T00:00:00.000Z","Datajournalisme at HMKW",52.5170365,13.3888599
"Berlin",,"Training",,"2017-11-15T00:00:00.000Z","2017-11-15T00:00:00.000Z","Datajournalisme at HMKW",52.5170365,13.3888599
"Berlin",,"Training",,"2017-11-29T00:00:00.000Z","2017-11-29T00:00:00.000Z","Datajournalisme at HMKW",52.5170365,13.3888599
"Rabat, Morocco",,"Training",,"2017-11-23T00:00:00.000Z","2017-11-20T00:00:00.000Z","Datajournalisme at ISIC",33.96689355,-6.8426627586
,,"Interview","https://medium.com/global-editors-network/offshoring-could-do-good-for-journalism-751007335dd","2017-11-30T00:00:00.000Z","2017-11-30T00:00:00.000Z","Offshoring could do good – for journalism",,
"Neuchâtel, Switzerland",,"Training",,"2017-12-07T00:00:00.000Z","2017-12-04T00:00:00.000Z","Datajournalisme at Unine",46.9895828,6.9292641
"Moscow, Russia",,"Training",,"2017-12-14T00:00:00.000Z","2017-12-12T00:00:00.000Z","Mapping at HSE",55.7507178,37.6176606
,,"Project","https://twitter.com/weathercontext/","2018-01-15T00:00:00.000Z","2018-01-15T00:00:00.000Z","Context for my Weather",,
,,"Article","http://blog.nkb.fr/roots-of-fake-news","2018-01-17T00:00:00.000Z","2018-01-17T00:00:00.000Z","The roots of fake news",,
,,"Article","http://blog.nkb.fr/medias-numerique","2018-01-25T00:00:00.000Z","2018-01-25T00:00:00.000Z","Comment une industrie a raté le virage des données et du numérique",,
,,"Article","http://blog.nkb.fr/macrine-et-pouton","2018-02-25T00:00:00.000Z","2018-02-25T00:00:00.000Z","La voie de Moscou",,
"Paris","Conférence à la Société Générale","Conference","http://blog.nkb.fr/medias-numerique","2018-03-07T00:00:00.000Z","2018-03-07T00:00:00.000Z","Comment une industrie a raté le virage des données et du numérique",48.85881005,2.3200310116
,,"Project","https://github.com/n-kb/pocket-pipe","2018-02-20T00:00:00.000Z","2018-02-20T00:00:00.000Z","Pocket Pipe, a simple tool to free yourself from Twitter",,
"Paris",,"Training","http://videos.assemblee-nationale.fr/video.5629134_5a9e48bc62299.groupe-de-travail-democratie-numerique--table-ronde-sur-la-dimension-participative-dans-l-elaborati-6-mars-2018","2018-03-06T00:00:00.000Z","2018-03-06T00:00:00.000Z","Assemblée Nationale: Teaching MPs about corruption in public budgets",48.85881005,2.3200310116
,,"Training","http://blog.nkb.fr/data-germany-europe","2017-12-19T00:00:00.000Z","2017-12-19T00:00:00.000Z","Webinar: Data sources in Germany and Europe",,
,,"Article","http://blog.nkb.fr/facing-evil","2018-04-04T00:00:00.000Z","2018-04-04T00:00:00.000Z","Facing Evil",,
,,"Article","http://blog.nkb.fr/denial","2018-03-31T00:00:00.000Z","2018-03-31T00:00:00.000Z","Denial",,
,,"Article","http://blog.nkb.fr/value-social-rank","2018-03-18T00:00:00.000Z","2018-03-18T00:00:00.000Z","Everything we know about price formation is wrong",,
,,"Interview","http://home.bt.com/news/science-news/this-weather-bot-helps-put-todays-temperature-into-context-11364262659269","2018-04-11T00:00:00.000Z","2018-04-11T00:00:00.000Z","Find out what the weather was like compared with previous years",,
"Tübingen",,"Training",,"2018-05-08T00:00:00.000Z","2018-05-08T00:00:00.000Z","Datenjournalismus Seminar für die Media Ambassadors India – Germany",48.5236164,9.0535531
"Berlin",,"Training","http://blog.nkb.fr/media-internet","2018-04-23T00:00:00.000Z","2018-04-23T00:00:00.000Z","Onlinejournalismus an der AMD",52.5170365,13.3888599
"Berlin",,"Training","http://blog.nkb.fr/media-internet","2018-05-03T00:00:00.000Z","2018-05-03T00:00:00.000Z","Onlinejournalismus an der AMD",52.5170365,13.3888599
"Nantes",,"Training","http://www.ouestmedialab.fr/48h-developper-projet-de-media-immersion-sein-media-mix-week-end/","2018-04-15T00:00:00.000Z","2018-04-14T00:00:00.000Z","Startup Weekend NCube",47.2186371,-1.5541362
,,"Project","http://honest-rankings.herokuapp.com/","2018-05-07T00:00:00.000Z","2018-05-07T00:00:00.000Z","Honest Rankings",,
,,"Project","http://blog.nkb.fr/bouffes-bluffantes","2018-05-03T00:00:00.000Z","2018-05-03T00:00:00.000Z","Bouffes Bluffantes - la véritable histoire de l'alimentation",,
,,"Article","http://blog.nkb.fr/froschfresser","2018-04-24T00:00:00.000Z","2018-04-24T00:00:00.000Z","Froschfresser",,
"Bruxelles",,"Interview","http://www.rtbf.be/embed/m/partner/groupepresse/sudpresse_video?id=2353523","2018-05-25T00:00:00.000Z","2018-05-25T00:00:00.000Z","Bouffes Bluffantes sur La Première (RTBF)",50.8465573,4.351697
"Mechelen",,"Conference","http://archive.is/225Tv","2018-05-24T00:00:00.000Z","2018-05-24T00:00:00.000Z","Dataharvest - Trainers day",51.0281381,4.4803453
"Genève",,"Conference","http://archive.is/4luyz","2018-06-21T00:00:00.000Z","2018-06-21T00:00:00.000Z","HEG - 100id",46.2017559,6.1466014
"Marseilles",,"Training",,"2018-06-14T00:00:00.000Z","2018-06-12T00:00:00.000Z","Datajournalisme - IRD",43.2961743,5.3699525
"Paris",,"Training",,"2018-06-20T00:00:00.000Z","2018-06-18T00:00:00.000Z","Scraping avec Python - Radio France",48.85881005,2.3200310116
"Berlin",,"Training",,"2018-06-22T00:00:00.000Z","2018-06-22T00:00:00.000Z","Code & Journalism - HMKW",52.5170365,13.3888599
"Berlin",,"Conference",,"2018-06-23T00:00:00.000Z","2018-06-23T00:00:00.000Z","Big Data & Journalism - Studienstiftung",52.5170365,13.3888599
"Berlin",,"Training",,"2018-06-25T00:00:00.000Z","2018-06-25T00:00:00.000Z","Code & Journalism - HMKW",52.5170365,13.3888599
,,"Article","http://blog.nkb.fr/danger-cyclists/","2018-07-03T00:00:00.000Z","2018-07-03T00:00:00.000Z","Europe's most dangerous city for cyclists",,
,,"Project","http://blog.nkb.fr/news-geochallenge/","2018-07-11T00:00:00.000Z","2018-07-11T00:00:00.000Z","Geo News Challenge",,
"Berlin",,"Training",,"2018-07-06T00:00:00.000Z","2018-07-06T00:00:00.000Z","Code & Journalism - HMKW",52.5170365,13.3888599
,,"Article","http://blog.nkb.fr/oysters/","2018-07-18T00:00:00.000Z","2018-07-18T00:00:00.000Z","Le silence des mollusques",,
,"Contribution to the data gathering of the project.","Project","http://onedegreewarmer.eu/","2018-09-24T00:00:00.000Z","2018-09-24T00:00:00.000Z","Europe One Degree Warmer",,
,,"Article","https://www.huffingtonpost.de/entry/totschlag-an-fahrradfahrern-und-fussganger-wird-meist-nur-mit-bussgeld-bestraft_de_5bac9a63e4b082030e7892ec?utm_hp_ref=de-homepage","2018-09-30T00:00:00.000Z","2018-09-30T00:00:00.000Z","Berlin: Totschlag an Fahrradfahrern und Fußgängern wird meist nur mit Bußgeld bestraft",,
,,"Interview","https://abonnes.lemonde.fr/idees/article/2018/10/07/grace-aux-datas-la-bbc-enquete-sur-un-crime_5365885_3232.html?","2018-10-07T00:00:00.000Z","2018-10-07T00:00:00.000Z","Grâce aux datas, la BBC enquête sur un crime",,
,,"Interview","https://www.tandfonline.com/eprint/nFMRx4QswFNRJcBaMGAe/full","2018-11-06T00:00:00.000Z","2018-11-06T00:00:00.000Z","Data Journalism Sustainability",,
"Berlin",,"Training",,"2018-10-19T00:00:00.000Z","2018-10-19T00:00:00.000Z","Interactive storytelling - HMKW",,
"Berlin",,"Training",,"2018-10-26T00:00:00.000Z","2018-10-26T00:00:00.000Z","Interactive storytelling - HMKW",,
"Berlin",,"Training",,"2018-11-02T00:00:00.000Z","2018-11-02T00:00:00.000Z","Interactive storytelling - HMKW",,
"Berlin",,"Training",,"2018-11-09T00:00:00.000Z","2018-11-09T00:00:00.000Z","Interactive storytelling - HMKW",,
"Berlin",,"Training",,"2018-11-16T00:00:00.000Z","2018-11-16T00:00:00.000Z","Interactive storytelling - HMKW",,
"Berlin",,"Training",,"2018-12-07T00:00:00.000Z","2018-12-07T00:00:00.000Z","Interactive storytelling - HMKW",,
"Berlin",,"Training",,"2018-12-14T00:00:00.000Z","2018-12-14T00:00:00.000Z","Interactive storytelling - HMKW",,
"Dead Sea, Jordan",,"Training",,"2018-11-28T00:00:00.000Z","2018-11-30T00:00:00.000Z","Datajournalism",,
"Dead Sea, Jordan","ARIJ18","Conference",,"2018-12-01T00:00:00.000Z","2018-12-02T00:00:00.000Z","OpenRefine workshop at ARIJ18",,
,,"Interview","https://www.facebook.com/thierry.caquais/posts/10218526484296714","2018-12-18T00:00:00.000Z","2018-12-18T00:00:00.000Z","Interview dans Gastronomica n°38",,
,,"Article","http://blog.nkb.fr/germanness/","2019-01-04T00:00:00.000Z","2019-01-04T00:00:00.000Z","12 German things that have nothing to do with Germanness",,
,,"Article","https://blog.nkb.fr/purpose-free-org","2019-01-15T00:00:00.000Z","2019-01-15T00:00:00.000Z","The purpose-free organization",,
,,"Project","https://algorithmwatch.org/en/automating-society-france/","2019-01-29T00:00:00.000Z","2019-01-29T00:00:00.000Z","Report - Automating Society - France chapter",,
,,"Article","https://www.politico.eu/article/resist-robot-takeover-artificial-intelligence-digital-minds-email-tool/","2019-02-12T00:00:00.000Z","2019-02-12T00:00:00.000Z","Resist the robot takeover",,
"Belgrade, Serbia",,"Project","http://archive.fo/HHrN6","2019-05-06T00:00:00.000Z","2019-05-10T00:00:00.000Z","Dataship - the data journalism fellowship (concept)",,
"Ottignies, Belgium",,"Training",,"2019-04-04T00:00:00.000Z","2019-04-04T00:00:00.000Z","Media entrepreneurship for Pilot.Media",,
"Berlin",,"Training",,"2019-04-24T00:00:00.000Z","2019-04-24T00:00:00.000Z","Interactive storytelling - HMKW",,
"Berlin",,"Training",,"2019-04-17T00:00:00.000Z","2019-04-17T00:00:00.000Z","Interactive storytelling - HMKW",,
"Berlin",,"Training",,"2019-04-10T00:00:00.000Z","2019-04-10T00:00:00.000Z","Interactive storytelling - HMKW",,
"Berlin",,"Training",,"2019-05-15T00:00:00.000Z","2019-05-15T00:00:00.000Z","Interactive storytelling - HMKW",,
"Berlin",,"Training",,"2019-05-29T00:00:00.000Z","2019-05-29T00:00:00.000Z","Interactive storytelling - HMKW",,
"Berlin",,"Training",,"2019-06-05T00:00:00.000Z","2019-06-05T00:00:00.000Z","Interactive storytelling - HMKW",,
"Amman, Jordan",,"Training",,"2019-02-21T00:00:00.000Z","2019-02-21T00:00:00.000Z","Datajournalism - Arij",,
,,"Article","http://archive.fo/mBmA7","2019-06-11T00:00:00.000Z","2019-06-11T00:00:00.000Z","Bad data and health: Garbage in, carnage out",,
"Tübingen",,"Training",,"2019-06-11T00:00:00.000Z","2019-06-11T00:00:00.000Z","Data journalism and data mining",,
"Mechelen","Data Harvest","Conference",,"2019-05-16T00:00:00.000Z","2019-05-17T00:00:00.000Z","DataHarvest",,
"Berlin","Digitaler Salon: Score me maybe?","Conference","https://archive.ph/wX5zW","2019-10-30T00:00:00.000Z","2019-10-30T00:00:00.000Z","Digitaler Salon: Score me maybe?",,
"Cologne","SuperScoring","Conference","https://archive.ph/zNlxF","2019-10-11T00:00:00.000Z","2019-10-11T00:00:00.000Z","SuperScoring",,
"Geneva",,"Training",,"2019-10-05T00:00:00.000Z","2019-10-05T00:00:00.000Z","How to visualize data effectively",,
,,"Article","https://algorithmwatch.org/en/story/ieee-ethically-aligned-design-guidelines-fail-to-gain-traction/","2019-10-03T00:00:00.000Z","2019-10-03T00:00:00.000Z","Ethical guidelines issued by engineers’ organization fail to gain traction",,
,,"Article","https://algorithmwatch.org/en/story/austrias-employment-agency-ams-rolls-out-discriminatory-algorithm/","2019-10-06T00:00:00.000Z","2019-10-06T00:00:00.000Z","Austria’s employment agency rolls out discriminatory algorithm, sees no problem",,
,,"Project","https://fr.ulule.com/poster-fromages/","2019-10-21T00:00:00.000Z","2019-10-21T00:00:00.000Z","Les 162 meilleurs fromages d'Europe (poster)",,
,,"Interview","https://web.archive.org/web/20200126115905/https://www.riffreporter.de/ki-fuer-alle/algorithmen-bestimmen-mit/","2019-10-31T00:00:00.000Z","2019-10-31T00:00:00.000Z","„Sie sind verurteilt, passive Objekte des Algorithmus zu sein“",,
,,"Interview","https://web.archive.org/web/20200126115847/https://sciencebusiness.net/news/eu-makes-move-ban-use-facial-recognition-systems","2020-01-21T00:00:00.000Z","2020-01-21T00:00:00.000Z","EU makes move to ban use of facial recognition systems“",,
"Berlin","SenseCamp","Conference","https://blog.nkb.fr/the-thunbergist-entrepreneur/","2019-11-16T00:00:00.000Z","2019-11-16T00:00:00.000Z","The Thunbergist Entrepreneur",,
"Eschborn","Personnal scoring in 5 African countries and in China","Conference",,"2019-12-09T00:00:00.000Z","2019-12-09T00:00:00.000Z","at GIZ",,
,,"Article","https://blog.nkb.fr/millenials-series","2020-02-17T00:00:00.000Z","2020-02-17T00:00:00.000Z","Why Millenials binge on mafia series while Boomers watch law-and-order shows",,
,,"Article","https://algorithmwatch.org/en/story/algorithm-police/","2020-02-06T00:00:00.000Z","2020-02-06T00:00:00.000Z","The algorithm police is coming. Will it have teeth?",,
,,"Article","https://algorithmwatch.org/en/story/health-data-hub-history/","2020-02-11T00:00:00.000Z","2020-02-11T00:00:00.000Z","Between care and control: 200 years of health data in France",,
,,"Article","https://algorithmwatch.org/en/story/computer-vision-police-discrimination/","2020-04-28T00:00:00.000Z","2020-04-28T00:00:00.000Z","Unchecked use of computer vision by police carries high risks of discrimination",,
,,"Article","https://algorithmwatch.org/en/story/credit-scores-algorithms-covid/","2020-04-15T00:00:00.000Z","2020-04-15T00:00:00.000Z","Credit scores algorithms keep operating normally even as everything else doesn’t",,
,,"Article","https://algorithmwatch.org/en/story/google-vision-racism/","2020-04-07T00:00:00.000Z","2020-04-07T00:00:00.000Z","Google apologizes after its Vision AI produced racist results",,
,,"Article","https://blog.nkb.fr/money-social-scale/","2020-04-25T00:00:00.000Z","2020-04-25T00:00:00.000Z","Money does not buy status. It's the other way around.",,
,,"Article","https://blog.nkb.fr/inegalites-coercition/","2020-03-24T00:00:00.000Z","2020-03-24T00:00:00.000Z","Capital, idéologie et matraque",,
,,"Interview","https://web.archive.org/web/20200602062105/https://www.deutschlandfunk.de/biometrie-und-demokratie-gesicht-zeigen.740.de.html?dram:article_id=477605","2020-06-01T00:00:00.000Z","2020-06-01T00:00:00.000Z","Gesicht zeigen",,
,,"Article","https://web.archive.org/web/20200602062423/https://algorithmwatch.org/en/story/automated-moderation-perspective-bias/","2020-05-19T00:00:00.000Z","2020-05-19T00:00:00.000Z","Automated moderation tool from Google rates People of Color and gays as “toxic”",,
,,"Project","https://www.placedeslibraires.fr/livre/9782490698042-breuvages-bluffants-lait-biere-vin-the-cafe-la-veri-kayser-bril-nicolas/","2020-06-18T00:00:00.000Z","2020-06-18T00:00:00.000Z","Breuvages Bluffants",,
,,"Interview","https://www.fahrenheit77.net/drzavljan-d/055-nicolas-kayser-bril-and-the-surveillance-solutionism/","2020-06-15T00:00:00.000Z","2020-06-15T00:00:00.000Z","Nicolas Kayser-Bril and the surveillance solutionism",,
,,"Interview","https://web.archive.org/web/20200618135919/https://www.businessinsider.com/instagram-algorithm-promotes-topless-pictures-2020-6?IR=T","2020-06-16T00:00:00.000Z","2020-06-16T00:00:00.000Z","It looks like Instagram's algorithm systematically boosts seminude pictures",,
,,"Interview","https://web.archive.org/web/20200618135926/https://www.msn.com/en-us/news/world/facial-recognition-it-and-police-in-delicate-dance/ar-BB15DNY7","2020-06-18T00:00:00.000Z","2020-06-18T00:00:00.000Z","Facial recognition: IT and police in delicate dance",,
,,"Article","https://web.archive.org/save/https://algorithmwatch.org/en/story/instagram-algorithm-nudity/","2020-06-15T00:00:00.000Z","2020-06-15T00:00:00.000Z","Undress or fail: Instagram’s algorithm strong-arms users into showing skin",,
,,"Interview","https://www.br.de/mediathek/podcast/tagesticket-der-frueh-podcast/waehlen-ab-16-ja-sagt-der-juengste-abgeordnete-des-deutschen-bundestags/1799215","2020-06-18T00:00:00.000Z","2020-06-18T00:00:00.000Z","Tagesticket - Der Früh-Podcast",,
,,"Interview","https://web.archive.org/web/20200624054826/https://www.vox.com/recode/2020/6/23/21296056/tiktok-foryou-algorithm-explained-facebook-news-feed","2020-06-24T00:00:00.000Z","2020-06-24T00:00:00.000Z","TikTok offered details about how its most popular feed works. Experts seem unimpressed.",,
,,"Interview","https://web.archive.org/web/20200626075619/https://www.mouv.fr/emissions/debattle/instagram-pousse-t-il-la-nudite-361404","2020-06-25T00:00:00.000Z","2020-06-25T00:00:00.000Z","Debattle: Instagram pousse-t-il à la nudité ?",,
,,"Interview","https://web.archive.org/web/20200629122453/https://oe1.orf.at/player/20200626/603736","2020-06-26T00:00:00.000Z","2020-06-26T00:00:00.000Z","Gesichtserkennung – das Ende der Anonymität? ",,
,,"Interview","https://web.archive.org/web/20200707122647/https://www.rtbf.be/info/societe/detail_les-algorithmes-et-leurs-biais-dans-le-viseur-des-mouvements-anti-racistes?id=10537727","2020-07-07T00:00:00.000Z","2020-07-07T00:00:00.000Z","Les algorithmes et leurs biais dans le viseur des mouvements anti-racistes",,
,,"Interview","https://web.archive.org/web/20200722172747/https://www.vox.com/recode/2020/7/22/21334051/facebook-news-feed-instagram-algorithm-racial-bias-civil-rights-audit","2020-07-22T00:00:00.000Z","2020-07-22T00:00:00.000Z","Facebook is taking a hard look at racial bias in its algorithms",,
,,"Interview","https://www.bluradio.com/lanube/hay-que-desnudarse-para-que-instagram-lo-haga-popular-experto-cuestiona-algoritmo-258075-ie435","2020-07-09T00:00:00.000Z","2020-07-09T00:00:00.000Z","¿Hay que desnudarse para que Instagram lo haga popular? Experto cuestiona algoritmo",,
,,"Article","https://web.archive.org/web/20200722173501/https://algorithmwatch.org/en/story/swiss-predictive-policing/","2020-07-22T00:00:00.000Z","2020-07-22T00:00:00.000Z","Swiss police automated crime predictions but has little to show for it",,
,,"Interview","https://www.hr-inforadio.de/podcast/wissen/explainability-von-der-black-box-zum-glaskasten---muessen-wir-wissen-was-maschinen-denken-crashkurs-ki-teil-6,podcast-episode-73358.html","2020-07-30T00:00:00.000Z","2020-07-30T00:00:00.000Z","Explainability: Von der Black Box zum Glaskasten - Müssen wir wissen, was Maschinen denken? Crashkurs KI",,
,,"Interview","https://web.archive.org/web/20200928065405/https://www.dw.com/de/twitter-rassismus-in-der-bildvorschau/a-55064673","2020-09-27T00:00:00.000Z","2020-09-27T00:00:00.000Z","Twitter: Rassismus in der Bildvorschau?",,
,,"Article","https://web.archive.org/web/20200928065628/https://algorithmwatch.org/en/story/data-access-researchers-left-on-read/","2020-08-13T00:00:00.000Z","2020-08-13T00:00:00.000Z","Under the Twitter streetlight: How data scarcity distorts research",,
,,"Article","https://web.archive.org/web/20200918043654/https://algorithmwatch.org/en/story/udbetaling-danmark/","2020-08-06T00:00:00.000Z","2020-08-06T00:00:00.000Z","In a quest to optimize welfare management, Denmark built a surveillance behemoth",,
,,"Article","https://archive.is/ttD9d","2020-09-17T00:00:00.000Z","2020-09-17T00:00:00.000Z","Female historians and male nurses do not exist, Google Translate tells its European users",,
,,"Interview","https://archive.vn/0pBDq","2020-09-05T00:00:00.000Z","2020-09-05T00:00:00.000Z","¿Harto de culos en Instagram? El círculo vicioso de algoritmos del que no puedes huir",,
